<?xml version="1.0" encoding="UTF-8"?>
<project-private xmlns="http://www.netbeans.org/ns/project-private/1">
    <editor-bookmarks xmlns="http://www.netbeans.org/ns/editor-bookmarks/2" lastBookmarkId="0"/>
    <open-files xmlns="http://www.netbeans.org/ns/projectui-open-files/2">
        <group>
            <file>file:/C:/Users/JuanCarlos/Documents/Workspace/Web/supervision_docente/public/administracion/modules/coordinadores/agregarCoordinador.php</file>
            <file>file:/C:/Users/JuanCarlos/Documents/Workspace/Web/supervision_docente/public/administracion/modules/coordinadores/index.php</file>
            <file>file:/C:/Users/JuanCarlos/Documents/Workspace/Web/supervision_docente/public/administracion/modules/coordinadores/api/listarCoordinador.js</file>
            <file>file:/C:/Users/JuanCarlos/Documents/Workspace/Web/supervision_docente/admin/AdminCarrera.php</file>
            <file>file:/C:/Users/JuanCarlos/Documents/Workspace/Web/supervision_docente/dao/CarreraDAO.php</file>
            <file>file:/C:/Users/JuanCarlos/Documents/Workspace/Web/supervision_docente/public/assets/js/util.js</file>
            <file>file:/C:/Users/JuanCarlos/Documents/Workspace/Web/supervision_docente/public/administracion/modules/coordinadores/api/CoordinadorAPI.php</file>
        </group>
    </open-files>
</project-private>
